{"cameraMode":{"drawMode":0,"name":"Shaded","section":"Shading Mode"},"sceneLighting":true,"audioPlay":false,"sceneViewState":{"m_AlwaysRefresh":false,"showFog":true,"showSkybox":true,"showFlares":true,"showImageEffects":true,"showParticleSystems":true,"showVisualEffectGraphs":true,"m_FxEnabled":true},"in2DMode":false,"pivot":{"x":-0.7191488742828369,"y":-1.1853580474853516,"z":1.4653396606445313},"rotation":{"x":0.5186507701873779,"y":0.1669384241104126,"z":-0.10405142605304718,"w":0.8320594429969788},"size":9.248444557189942,"orthographic":true}